170;
121;
6;
173;
69;
54;
94;
31;
154;
20;
125;
154;
102;
183;
118;
105;
181;
192;
118;
137;
12;
135;
107;
189;
114;
154;
200;
84;
59;
21;
192;
57;
36;
26;
91;
64;
157;
22;
105;
60;
128;
99;
61;
118;
188;
157;
114;
38;
114;
78;
189;
181;
0;
167;
183;
109;
162;
104;
169;
84;
38;
111;
27;
12;
187;
56;
147;
94;
133;
165;
5;
26;
33;
71;
187;
85;
177;
107;
105;
113;
45;
165;
55;
42;
100;
168;
46;
22;
129;
42;
54;
13;
77;
168;
164;
122;
121;
108;
129;
55;
70;
135;
149;
109;
41;
129;
27;
4;
14;
30;
100;
158;
178;
28;
81;
163;
167;
199;
27;
196;
172;
104;
146;
36;
154;
53;
108;
30;
122;
13;
56;
78;
171;
189;
156;
116;
71;
102;
25;
67;
165;
63;
115;
119;
43;
45;
197;
148;
84;
192;
198;
100;
58;
92;
170;
51;
62;
144;
98;
72;
133;
72;
151;
46;
10;
1;
169;
17;
80;
115;
65;
1;
86;
163;
148;
163;
110;
172;
84;
146;
3;
112;
154;
166;
66;
54;
138;
94;
109;
169;
21;
1;
69;
140;
199;
114;
1;
63;
81;
14;
100;
135;
30;
39;
116;
187;
138;
67;
13;
166;
70;
198;
52;
30;
180;
45;
38;
120;
84;
45;
165;
63;
99;
151;
75;
70;
7;
135;
24;
175;
164;
63;
104;
123;
113;
12;
109;
80;
111;
164;
186;
34;
51;
188;
139;
63;
99;
31;
112;
4;
42;
185;
193;
157;
60;
120;
88;
196;
176;
62;
147;
86;
67;
4;
61;
71;
84;
47;
194;
171;
106;
184;
58;
43;
164;
147;
197;
123;
196;
198;
147;
194;
87;
81;
75;
153;
35;
183;
4;
108;
101;
43;
135;
66;
100;
137;
190;
105;
149;
129;
133;
135;
82;
76;
47;
141;
18;
36;
103;
146;
109;
0;
52;
172;
183;
65;
107;
140;
109;
47;
110;
129;
30;
74;
41;
172;
128;
39;
164;
181;
53;
47;
177;
136;
121;
186;
195;
109;
64;
187;
3;
30;
91;
46;
97;
55;
65;
34;
137;
94;
192;
132;
152;
57;
51;
109;
108;
9;
186;
127;
146;
64;
128;
2;
124;
115;
90;
22;
169;
7;
100;
166;
89;
128;
28;
32;
123;
66;
116;
174;
73;
151;
135;
154;
14;
50;
66;
184;
156;
46;
29;
100;
41;
71;
74;
192;
21;
166;
174;
92;
173;
105;
91;
184;
73;
102;
182;
174;
166;
114;
161;
97;
130;
116;
182;
96;
85;
128;
121;
199;
65;
45;
62;
126;
1;
62;
47;
104;
27;
13;
47;
112;
104;
100;
80;
156;
32;
38;
62;
177;
55;
47;
12;
105;
142;
77;
174;
3;
57;
15;
34;
103;
186;
199;
103;
131;
92;
130;
155;
120;
52;
99;
77;
78;
96;
69;
77;
159;
180;
171;
36;
77;
197;
28;
193;
179;
153;
13;
88;
100;
182;
121;
117;
166;
195;
126;
18;
53;
94;
192;
3;
184;
133;
50;
18;
54;
45;
198;
93;
73;
89;
95;
73;
170;
48;
2;
200;
88;
114;
178;
1;
63;
148;
168;
43;
94;
85;
168;
110;
2;
185;
180;
105;
49;
0;
193;
135;
112;
97;
148;
164;
74;
86;
47;
198;
72;
172;
72;
114;
125;
9;
198;
100;
66;
29;
143;
101;
82;
142;
4;
165;
26;
15;
35;
25;
167;
42;
87;
35;
134;
163;
108;
15;
148;
165;
72;
191;
37;
139;
144;
139;
17;
33;
42;
47;
96;
17;
9;
150;
74;
30;
169;
118;
93;
138;
127;
76;
158;
89;
195;
28;
153;
13;
129;
146;
11;
165;
141;
90;
100;
27;
166;
7;
95;
24;
14;
135;
58;
106;
16;
101;
76;
103;
106;
137;
27;
110;
150;
154;
75;
74;
169;
27;
103;
15;
131;
191;
184;
68;
134;
42;
86;
30;
157;
147;
37;
154;
27;
171;
142;
93;
22;
48;
39;
120;
154;
132;
21;
149;
96;
62;
65;
93;
158;
139;
52;
28;
70;
139;
104;
83;
147;
111;
51;
75;
73;
97;
16;
131;
89;
196;
135;
59;
19;
60;
186;
63;
148;
115;
41;
172;
183;
154;
113;
156;
5;
194;
52;
35;
126;
168;
154;
154;
141;
17;
122;
53;
21;
25;
170;
114;
37;
94;
117;
197;
129;
45;
99;
95;
168;
97;
73;
75;
16;
115;
24;
34;
8;
34;
190;
20;
63;
183;
112;
111;
87;
187;
176;
115;
8;
39;
74;
119;
121;
55;
181;
135;
48;
111;
95;
64;
5;
177;
52;
125;
76;
133;
103;
173;
55;
2;
96;
23;
115;
97;
76;
109;
129;
122;
88;
87;
78;
14;
79;
115;
48;
143;
125;
91;
125;
53;
116;
65;
55;
60;
191;
3;
160;
189;
66;
95;
20;
157;
161;
5;
65;
16;
146;
184;
187;
53;
170;
146;
100;
134;
144;
15;
91;
87;
52;
111;
19;
23;
186;
77;
37;
28;
83;
9;
87;
139;
101;
72;
130;
127;
19;
42;
131;
115;
11;
88;
12;
50;
71;
100;
181;
114;
51;
47;
17;
88;
130;
121;
77;
106;
87;
48;
38;
91;
141;
89;
92;
32;
112;
108;
57;
84;
176;
193;
18;
163;
192;
90;
41;
50;
113;
143;
144;
164;
200;
78;
33;
80;
119;
45;
115;
31;
125;
40;
178;
55;
147;
113;
114;
6;
167;
75;
110;
97;
16;
85;
135;
23;
76;
58;
126;
65;
43;
126;
74;
128;
178;
67;
25;
126;
26;
92;
120;
177;
145;
129;
92;
141;
183;
182;
122;
143;
168;
111;
180;
15;
127;
146;
106;
21;
150;
26;
110;
168;
128;
101;
42;
96;
180;
121;
193;
122;
64;
106;
121;
18;
73;
67;
193;
124;
59;
66;
181;
82;
43;
103;
187;
92;
197;
83;
50;
20;
107;
34;
132;
41;
85;
43;
163;
120;
7;
54;
150;
179;
98;
48;
100;
30;
158;
75;
102;
188;
44;
66;
141;
124;
133;
19;
185;
87;
117;
13;
7;
96;
93;
83;
122;
19;
78;
95;
138;
92;
172;
48;
39;
157;
46;
105;
188;
169;
14;
150;
114;
3;
126;
146;
141;
22;
13;
3;
23;
92;
145;
195;
48;
19;
111;
47;
124;
126;
23;
152;
138;
148;
8;
10;
50;
131;
72;
107;
137;
195;
87;
199;
78;
17;
182;
127;
5;
106;
119;
195;
58;
158;
97;
83;
106;
47;
9;
162;
182;
22;
81;
142;
185;
170;
169;
195;
15;
55;
115;
64;
16;
155;
73;
195;
9;
24;
103;
59;
69;
61;
166;
166;
98;
34;
171;
189;
18;
101;
7;
175;
29;
7;
76;
125;
89;
9;
95;
176;
26;
191;
62;
199;
52;
69;
185;
15;
167;
103;
155;
41;
167;
143;
81;
103;
107;
18;
120;
20;
155;
125;
37;
160;
166;
127;
104;
43;
138;
55;
48;
199;
84;
43;
130;
69;
57;
13;
27;
199;
54;
181;
58;
42;
39;
119;
81;
31;
128;
180;
199;
91;
116;
128;
166;
40;
198;
155;
174;
91;
156;
172;
9;
112;
131;
140;
171;
24;
66;
68;
158;
29;
163;
108;
101;
142;
145;
45;
42;
63;
180;
137;
1;
51;
104;
130;
4;
50;
151;
9;
53;
104;
28;
103;
159;
54;
168;
177;
34;
31;
141;
87;
148;
60;
10;
7;
18;
187;
26;
0;
142;
142;
33;
175;
19;
60;
123;
177;
135;
17;
141;
121;
15;
32;
145;
158;
138;
4;
88;
120;
22;
49;
147;
195;
16;
64;
41;
114;
196;
15;
72;
189;
128;
89;
97;
158;
10;
34;
156;
182;
1;
56;
32;
6;
179;
42;
81;
56;
61;
27;
91;
69;
113;
41;
25;
147;
9;
140;
59;
76;
153;
139;
164;
109;
178;
144;
81;
124;
108;
66;
159;
40;
119;
115;
99;
5;
125;
104;
50;
2;
4;
177;
43;
105;
55;
126;
51;
101;
19;
52;
160;
136;
15;
176;
171;
168;
156;
55;
40;
36;
163;
133;
170;
166;
146;
34;
62;
141;
182;
58;
37;
160;
118;
67;
40;
166;
119;
126;
189;
144;
144;
176;
133;
30;
155;
133;
153;
176;
120;
44;
112;
1;
58;
174;
199;
67;
118;
14;
199;
112;
169;
23;
124;
135;
90;
190;
61;
179;
6;
139;
28;
169;
151;
194;
113;
117;
30;
106;
25;
64;
29;
176;
122;
181;
101;
139;
142;
190;
41;
29;
28;
77;
32;
71;
44;
104;
61;
142;
86;
167;
41;
45;
2;
152;
128;
61;
116;
149;
192;
92;
87;
52;
33;
89;
103;
106;
61;
128;
104;
49;
94;
196;
106;
102;
191;
77;
79;
167;
123;
25;
165;
42;
183;
160;
119;
36;
64;
177;
187;
41;
177;
112;
109;
91;
197;
105;
74;
116;
50;
31;
105;
114;
132;
59;
50;
30;
24;
97;
115;
111;
195;
135;
146;
113;
116;
183;
9;
85;
13;
93;
28;
125;
40;
60;
48;
31;
54;
163;
92;
145;
164;
117;
81;
188;
178;
86;
40;
149;
41;
36;
99;
12;
101;
187;
27;
110;
117;
155;
87;
153;
123;
76;
40;
67;
23;
167;
133;
21;
92;
80;
119;
135;
140;
67;
111;
16;
72;
173;
76;
75;
43;
120;
78;
27;
24;
179;
42;
188;
135;
107;
134;
12;
137;
177;
22;
139;
191;
136;
194;
146;
82;
57;
93;
102;
47;
139;
86;
22;
191;
20;
200;
107;
71;
164;
97;
188;
160;
176;
110;
191;
142;
175;
23;
14;
100;
150;
124;
6;
145;
87;
22;
50;
47;
67;
185;
167;
10;
20;
141;
19;
44;
61;
72;
72;
147;
137;
122;
87;
101;
137;
90;
77;
84;
82;
45;
191;
113;
153;
84;
13;
155;
5;
157;
137;
91;
81;
11;
12;
49;
190;
112;
155;
46;
167;
93;
61;
133;
118;
170;
28;
103;
97;
181;
112;
135;
87;
11;
42;
101;
189;
177;
16;
94;
115;
188;
83;
115;
63;
125;
137;
179;
143;
124;
162;
93;
89;
74;
145;
151;
89;
191;
20;
156;
131;
167;
134;
77;
186;
143;
119;
65;
9;
158;
65;
11;
113;
46;
138;
134;
135;
61;
57;
142;
16;
20;
59;
166;
184;
68;
192;
59;
133;
1;
175;
52;
132;
124;
42;
39;
120;
109;
24;
138;
92;
15;
167;
69;
146;
159;
158;
170;
52;
95;
25;
100;
46;
3;
173;
45;
137;
58;
169;
175;
51;
184;
93;
122;
147;
191;
133;
177;
48;
107;
25;
91;
183;
197;
10;
107;
161;
147;
93;
21;
178;
175;
145;
111;
64;
31;
83;
138;
70;
158;
97;
135;
86;
160;
197;
138;
76;
91;
163;
178;
197;
67;
171;
30;
193;
124;
59;
130;
153;
186;
166;
144;
132;
40;
13;
68;
154;
80;
75;
31;
16;
72;
180;
85;
42;
157;
99;
178;
77;
32;
89;
165;
27;
152;
7;
127;
67;
72;
155;
103;
164;
95;
91;
179;
155;
66;
96;
126;
74;
35;
5;
154;
51;
109;
46;
160;
120;
61;
89;
79;
174;
136;
41;
160;
11;
175;
14;
175;
164;
178;
15;
77;
32;
17;
179;
46;
161;
164;
52;
181;
183;
167;
190;
170;
175;
166;
8;
108;
176;
57;
169;
185;
86;
181;
51;
114;
141;
77;
90;
60;
6;
180;
120;
139;
134;
159;
102;
110;
49;
13;
48;
125;
5;
61;
90;
12;
137;
159;
176;
83;
93;
121;
71;
137;
132;
173;
27;
161;
75;
117;
157;
34;
50;
45;
175;
97;
13;
117;
74;
113;
99;
135;
125;
48;
36;
123;
193;
131;
123;
11;
22;
148;
128;
133;
112;
125;
124;
182;
73;
190;
89;
54;
195;
151;
74;
84;
194;
162;
196;
105;
15;
47;
181;
170;
19;
108;
187;
21;
160;
161;
55;
24;
185;
141;
106;
12;
152;
76;
37;
140;
33;
136;
175;
65;
193;
123;
198;
76;
178;
43;
70;
84;
74;
51;
111;
48;
84;
113;
199;
198;
97;
193;
191;
108;
149;
194;
25;
54;
2;
104;
171;
136;
124;
47;
142;
53;
80;
27;
108;
29;
146;
47;
163;
82;
197;
128;
177;
134;
44;
30;
74;
47;
105;
124;
160;
25;
3;
52;
199;
193;
36;
60;
124;
157;
137;
71;
135;
161;
118;
37;
67;
44;
109;
20;
2;
162;
2;
117;
159;
78;
68;
35;
94;
187;
42;
136;
120;
116;
112;
66;
12;
108;
72;
154;
80;
94;
162;
107;
34;
20;
142;
4;
73;
185;
179;
47;
4;
66;
22;
43;
16;
106;
96;
69;
12;
156;
72;
117;
15;
107;
56;
54;
170;
74;
53;
161;
184;
125;
152;
16;
60;
145;
164;
159;
78;
117;
175;
105;
112;
120;
81;
102;
173;
89;
149;
164;
55;
126;
24;
196;
110;
172;
103;
193;
163;
51;
34;
102;
141;
137;
80;
131;
166;
128;
5;
192;
78;
151;
136;
182;
81;
104;
195;
163;
101;
74;
15;
142;
16;
20;
23;
191;
8;
23;
140;
38;
48;
146;
45;
114;
186;
73;
170;
33;
87;
184;
187;
151;
20;
40;
154;
160;
138;
122;
134;
175;
138;
159;
124;
21;
170;
80;
178;
137;
57;
72;
108;
57;
45;
164;
44;
162;
186;
65;
132;
44;
38;
60;
63;
75;
150;
183;
144;
139;
97;
63;
17;
90;
136;
79;
115;
82;
129;
85;
99;
146;
191;
200;
103;
79;
163;
142;
24;
58;
38;
110;
4;
43;
7;
191;
108;
34;
160;
42;
128;
116;
111;
57;
142;
16;
3;
95;
198;
38;
140;
49;
140;
31;
144;
138;
31;
133;
83;
3;
123;
198;
192;
4;
42;
30;
38;
30;
20;
174;
119;
193;
140;
80;
86;
33;
180;
190;
173;
10;
94;
117;
141;
121;
113;
82;
129;
164;
187;
192;
32;
155;
69;
70;
137;
150;
108;
46;
97;
106;
61;
151;
91;
36;
39;
51;
91;
122;
178;
163;
166;
4;
103;
111;
83;
179;
162;
63;
70;
171;
21;
99;
130;
200;
197;
138;
56;
25;
32;
189;
43;
176;
18;
159;
34;
87;
135;
176;
47;
30;
76;
75;
151;
169;
174;
166;
45;
103;
87;
86;
169;
92;
1;
166;
122;
38;
89;
41;
89;
87;
49;
102;
117;
49;
165;
52;
12;
79;
15;
44;
76;
27;
12;
101;
92;
178;
98;
5;
91;
13;
79;
41;
144;
169;
145;
174;
109;
23;
114;
148;
157;
61;
186;
121;
5;
119;
197;
128;
153;
67;
7;
196;
96;
32;
96;
200;
180;
152;
95;
176;
199;
22;
36;
17;
183;
102;
120;
29;
19;
8;
87;
146;
148;
113;
91;
136;
128;
43;
96;
2;
154;
108;
98;
122;
184;
186;
53;
2;
104;
188;
196;
51;
128;
56;
130;
65;
71;
194;
150;
180;
85;
141;
99;
43;
89;
50;
84;
157;
26;
125;
59;
76;
151;
81;
34;
105;
192;
114;
74;
75;
186;
17;
181;
190;
178;
94;
186;
149;
6;
46;
29;
43;
52;
107;
64;
110;
125;
183;
148;
56;
33;
188;
96;
173;
102;
38;
82;
191;
186;
6;
91;
25;
126;
176;
139;
145;
113;
185;
126;
108;
79;
82;
42;
66;
145;
130;
0;
63;
24;
65;
121;
180;
158;
103;
141;
167;
129;
28;
49;
87;
106;
116;
174;
198;
181;
10;
88;
57;
98;
14;
109;
191;
125;
104;
82;
149;
34;
15;
150;
8;
121;
93;
130;
25;
94;
125;
112;
151;
56;
7;
81;
156;
185;
35;
18;
56;
47;
143;
197;
91;
82;
195;
99;
63;
191;
155;
127;
187;
126;
84;
134;
76;
57;
72;
154;
200;
105;
37;
166;
165;
108;
57;
177;
139;
144;
87;
119;
93;
151;
70;
184;
177;
92;
117;
134;
54;
26;
15;
66;
72;
174;
141;
195;
153;
134;
4;
76;
152;
84;
148;
188;
187;
135;
48;
172;
21;
4;
69;
31;
28;
121;
151;
82;
14;
48;
57;
180;
93;
40;
9;
19;
158;
125;
47;
53;
101;
7;
155;
86;
104;
94;
52;
121;
4;
168;
125;
167;
168;
30;
155;
131;
132;
129;
13;
102;
185;
171;
125;
60;
99;
120;
43;
3;
192;
41;
160;
178;
70;
167;
24;
94;
24;
44;
178;
101;
166;
6;
63;
198;
146;
96;
67;
192;
190;
139;
2;
28;
133;
106;
29;
105;
13;
79;
133;
63;
171;
118;
3;
95;
199;
139;
77;
114;
85;
140;
117;
22;
135;
61;
41;
82;
55;
189;
32;
112;
95;
120;
154;
157;
7;
197;
11;
108;
122;
182;
94;
167;
174;
188;
197;
175;
108;
108;
164;
72;
151;
72;
109;
70;
151;
89;
95;
136;
46;
64;
45;
126;
83;
107;
25;
33;
89;
22;
47;
186;
195;
150;
177;
61;
39;
71;
18;
137;
153;
37;
76;
168;
83;
106;
90;
29;
38;
84;
57;
48;
61;
161;
197;
37;
196;
88;
169;
135;
154;
188;
97;
167;
107;
70;
57;
7;
123;
62;
191;
192;
41;
132;
140;
14;
87;
95;
145;
55;
149;
57;
185;
26;
167;
48;
179;
47;
200;
14;
171;
5;
94;
154;
73;
177;
59;
55;
85;
159;
97;
8;
185;
34;
110;
79;
90;
20;
71;
79;
152;
91;
47;
147;
72;
171;
90;
150;
142;
20;
197;
161;
62;
133;
23;
72;
109;
62;
98;
28;
171;
125;
157;
118;
167;
95;
174;
21;
158;
60;
112;
20;
183;
5;
173;
139;
114;
75;
91;
103;
69;
107;
84;
148;
195;
193;
22;
66;
146;
166;
117;
195;
139;
185;
188;
150;
6;
118;
88;
115;
141;
63;
62;
111;
188;
63;
118;
176;
14;
74;
143;
54;
102;
79;
120;
157;
16;
51;
46;
200;
55;
81;
74;
16;
39;
183;
48;
185;
1;
181;
114;
96;
153;
50;
192;
7;
48;
143;
1;
54;
151;
97;
52;
182;
103;
121;
95;
30;
64;
118;
155;
41;
136;
81;
195;
177;
2;
55;
170;
29;
118;
2;
48;
38;
74;
41;
36;
85;
197;
47;
55;
73;
66;
153;
21;
69;
73;
17;
60;
16;
169;
127;
174;
195;
171;
45;
74;
196;
44;
139;
153;
110;
10;
163;
86;
195;
32;
188;
97;
157;
20;
134;
114;
29;
93;
107;
70;
162;
112;
198;
173;
84;
191;
97;
87;
35;
43;
183;
20;
156;
127;
176;
128;
128;
200;
90;
105;
21;
181;
65;
189;
187;
1;
108;
87;
140;
194;
44;
186;
100;
125;
5;
130;
27;
121;
189;
11;
86;
166;
170;
113;
154;
138;
161;
30;
3;
150;
167;
57;
12;
39;
46;
124;
167;
105;
156;
195;
49;
120;
95;
48;
182;
167;
116;
15;
160;
35;
59;
78;
47;
151;
179;
194;
199;
128;
106;
137;
132;
33;
184;
25;
3;
8;
72;
26;
117;
8;
122;
174;
51;
41;
75;
151;
68;
126;
125;
108;
2;
7;
56;
123;
8;
9;
144;
159;
83;
67;
120;
185;
183;
25;
14;
186;
173;
82;
130;
94;
98;
196;
116;
149;
31;
150;
63;
140;
140;
141;
191;
150;
71;
37;
168;
59;
88;
171;
176;
10;
36;
132;
55;
80;
60;
186;
77;
43;
63;
173;
121;
55;
10;
130;
175;
192;
48;
108;
15;
86;
50;
62;
6;
55;
155;
157;
114;
78;
165;
95;
47;
45;
9;
19;
50;
68;
130;
154;
43;
23;
111;
23;
69;
114;
134;
190;
44;
152;
3;
179;
41;
88;
198;
122;
94;
78;
184;
49;
98;
82;
11;
165;
11;
18;
54;
56;
87;
66;
40;
199;
138;
169;
188;
163;
161;
113;
32;
8;
186;
78;
165;
81;
90;
114;
158;
125;
153;
73;
16;
152;
86;
179;
67;
187;
35;
99;
38;
77;
101;
184;
150;
146;
145;
76;
75;
154;
131;
122;
58;
158;
151;
12;
78;
86;
79;
74;
34;
197;
197;
167;
17;
173;
16;
166;
142;
169;
184;
16;
9;
15;
164;
30;
48;
79;
158;
60;
196;
115;
169;
182;
26;
165;
96;
171;
11;
37;
151;
107;
47;
72;
25;
174;
33;
117;
161;
88;
6;
11;
149;
166;
150;
32;
132;
172;
121;
19;
126;
197;
65;
161;
2;
146;
150;
59;
6;
22;
195;
46;
169;
39;
179;
189;
33;
2;
50;
114;
196;
23;
146;
130;
20;
10;
72;
191;
160;
92;
113;
12;
88;
104;
8;
61;
9;
154;
96;
124;
176;
68;
194;
84;
33;
38;
92;
103;
123;
123;
90;
83;
117;
28;
115;
70;
185;
99;
125;
171;
84;
194;
40;
34;
134;
80;
91;
62;
131;
57;
76;
184;
198;
111;
96;
64;
36;
30;
61;
90;
33;
19;
121;
110;
84;
177;
184;
86;
122;
155;
199;
111;
159;
97;
56;
58;
78;
180;
141;
43;
58;
16;
14;
127;
167;
2;
7;
117;
118;
170;
120;
155;
77;
137;
46;
47;
146;
48;
171;
8;
156;
156;
13;
138;
1;
157;
180;
106;
61;
15;
38;
16;
164;
104;
65;
92;
98;
195;
71;
14;
116;
53;
23;
14;
75;
40;
125;
145;
2;
81;
192;
18;
173;
66;
94;
31;
139;
116;
53;
21;
52;
37;
197;
188;
103;
40;
98;
117;
96;
158;
149;
125;
72;
6;
89;
13;
129;
179;
170;
151;
36;
150;
34;
162;
69;
95;
133;
173;
164;
146;
189;
107;
80;
139;
6;
161;
42;
121;
50;
58;
87;
33;
183;
124;
165;
158;
23;
19;
37;
17;
87;
89;
149;
140;
160;
176;
47;
48;
164;
85;
193;
19;
61;
63;
33;
166;
138;
181;
28;
62;
138;
1;
77;
141;
196;
171;
25;
129;
164;
120;
102;
87;
162;
4;
131;
6;
14;
152;
156;
81;
44;
23;
61;
117;
145;
19;
194;
105;
100;
91;
86;
90;
174;
69;
39;
19;
27;
124;
92;
158;
2;
50;
103;
31;
121;
18;
144;
106;
100;
170;
51;
102;
1;
32;
89;
166;
183;
41;
104;
104;
175;
40;
186;
63;
114;
0;
74;
27;
122;
117;
174;
31;
199;
70;
56;
52;
172;
71;
48;
163;
42;
199;
74;
39;
146;
64;
159;
126;
22;
102;
142;
196;
65;
124;
89;
148;
16;
41;
18;
180;
162;
115;
109;
140;
153;
30;
162;
177;
35;
56;
45;
4;
200;
149;
92;
103;
161;
80;
1;
162;
151;
154;
138;
3;
166;
87;
58;
50;
31;
174;
33;
187;
192;
132;
19;
127;
63;
45;
2;
17;
94;
109;
49;
12;
108;
72;
60;
43;
167;
51;
124;
9;
105;
22;
4;
110;
109;
60;
165;
13;
155;
158;
183;
11;
119;
153;
30;
173;
96;
108;
152;
102;
194;
181;
4;
36;
104;
70;
21;
144;
125;
136;
108;
33;
109;
197;
55;
154;
49;
198;
63;
90;
40;
119;
56;
18;
34;
170;
145;
93;
161;
105;
37;
2;
43;
88;
142;
112;
14;
22;
103;
135;
117;
105;
106;
153;
92;
115;
159;
100;
95;
83;
157;
35;
161;
170;
160;
89;
199;
26;
20;
68;
14;
166;
160;
130;
140;
40;
68;
150;
166;
126;
85;
109;
58;
148;
27;
182;
21;
36;
2;
38;
58;
73;
168;
52;
79;
91;
95;
126;
190;
4;
88;
199;
59;
54;
37;
117;
168;
155;
111;
48;
188;
115;
82;
122;
163;
58;
7;
64;
173;
137;
69;
22;
106;
70;
186;
157;
12;
40;
64;
137;
152;
27;
195;
24;
198;
159;
191;
171;
15;
75;
19;
102;
172;
196;
100;
45;
138;
77;
190;
108;
151;
10;
45;
153;
0;
123;
0;
68;
63;
75;
11;
83;
142;
107;
11;
56;
108;
52;
51;
62;
25;
26;
42;
137;
29;
160;
159;
182;
170;
139;
139;
123;
114;
18;
187;
171;
38;
147;
6;
173;
102;
1;
33;
118;
37;
129;
155;
129;
22;
171;
50;
129;
38;
8;
104;
116;
167;
160;
180;
143;
98;
157;
182;
45;
153;
183;
142;
197;
100;
118;
22;
38;
88;
106;
7;
126;
88;
184;
176;
133;
70;
120;
1;
59;
100;
8;
196;
67;
14;
160;
46;
185;
59;
14;
130;
42;
27;
75;
127;
171;
147;
161;
158;
55;
96;
167;
69;
71;
121;
168;
14;
126;
128;
59;
51;
165;
97;
0;
12;
33;
72;
47;
5;
120;
106;
16;
165;
48;
68;
199;
169;
45;
128;
116;
80;
15;
57;
83;
174;
72;
133;
63;
90;
12;
167;
107;
16;
6;
82;
134;
178;
128;
146;
67;
6;
36;
161;
42;
74;
180;
168;
173;
8;
76;
123;
195;
65;
84;
10;
183;
149;
81;
10;
2;
52;
86;
99;
145;
73;
159;
111;
38;
124;
142;
46;
162;
74;
58;
124;
109;
94;
26;
80;
158;
53;
24;
3;
168;
48;
189;
179;
15;
109;
167;
195;
2;
65;
47;
28;
17;
109;
164;
84;
173;
23;
136;
68;
76;
51;
65;
127;
176;
25;
28;
127;
12;
33;
1;
55;
144;
35;
23;
107;
88;
24;
21;
93;
19;
112;
155;
164;
80;
154;
64;
195;
48;
152;
144;
173;
12;
181;
68;
112;
78;
159;
3;
103;
154;
95;
102;
80;
198;
122;
111;
107;
106;
161;
200;
199;
44;
37;
10;
127;
179;
109;
55;
66;
158;
37;
89;
91;
72;
73;
89;
185;
73;
82;
74;
22;
58;
187;
161;
36;
143;
197;
3;
169;
139;
109;
40;
114;
173;
59;
144;
98;
181;
190;
21;
77;
92;
82;
107;
153;
24;
8;
6;
139;
69;
1;
132;
70;
156;
72;
134;
39;
197;
152;
100;
186;
8;
49;
2;
128;
27;
197;
91;
194;
169;
143;
144;
158;
146;
6;
24;
187;
120;
58;
12;
65;
46;
50;
109;
148;
60;
34;
134;
17;
4;
60;
48;
179;
9;
10;
26;
109;
85;
82;
174;
154;
24;
36;
71;
179;
149;
135;
114;
174;
159;
6;
57;
101;
113;
115;
57;
67;
172;
159;
62;
57;
68;
183;
118;
81;
176;
199;
172;
94;
94;
135;
30;
133;
48;
158;
58;
90;
49;
40;
174;
34;
158;
100;
148;
169;
34;
63;
200;
92;
116;
193;
194;
65;
4;
20;
187;
154;
140;
115;
7;
51;
75;
51;
26;
197;
164;
199;
123;
112;
38;
143;
115;
60;
118;
143;
146;
95;
85;
61;
85;
132;
87;
176;
86;
195;
80;
112;
91;
26;
91;
106;
16;
86;
142;
39;
93;
116;
140;
66;
5;
89;
145;
116;
102;
168;
172;
96;
164;
33;
89;
41;
133;
63;
14;
101;
128;
125;
52;
58;
198;
97;
121;
100;
38;
14;
153;
150;
140;
196;
45;
115;
21;
38;
105;
35;
77;
117;
157;
194;
175;
38;
141;
143;
168;
120;
87;
77;
3;
170;
184;
161;
195;
3;
54;
23;
9;
177;
142;
159;
142;
113;
2;
36;
187;
86;
181;
94;
122;
79;
18;
123;
9;
183;
38;
20;
22;
177;
56;
166;
16;
70;
49;
151;
152;
177;
112;
130;
79;
133;
127;
188;
1;
80;
80;
136;
123;
80;
195;
17;
48;
22;
44;
62;
169;
36;
199;
44;
192;
119;
122;
145;
61;
85;
74;
13;
165;
122;
47;
31;
146;
156;
89;
180;
188;
84;
54;
180;
181;
50;
3;
136;
54;
98;
191;
86;
74;
170;
29;
152;
26;
62;
159;
141;
41;
184;
50;
67;
29;
2;
161;
21;
196;
77;
105;
9;
79;
82;
36;
27;
186;
136;
50;
23;
51;
29;
24;
80;
182;
41;
98;
20;
112;
190;
155;
59;
165;
82;
169;
183;
65;
102;
25;
115;
87;
99;
57;
29;
76;
90;
187;
56;
124;
22;
197;
67;
10;
120;
113;
172;
154;
134;
163;
38;
72;
18;
112;
187;
165;
49;
136;
161;
78;
79;
123;
180;
83;
63;
22;
69;
39;
164;
139;
160;
44;
189;
43;
117;
89;
129;
190;
147;
96;
2;
66;
144;
30;
124;
129;
80;
178;
58;
158;
155;
155;
61;
51;
43;
51;
121;
30;
3;
81;
138;
125;
122;
118;
173;
45;
118;
92;
109;
3;
82;
11;
101;
35;
199;
169;
82;
119;
133;
85;
137;
55;
71;
121;
195;
44;
197;
199;
64;
117;
39;
130;
72;
114;
14;
101;
72;
196;
128;
98;
114;
118;
163;
185;
21;
17;
56;
152;
48;
140;
177;
114;
139;
176;
94;
68;
142;
73;
18;
103;
72;
111;
157;
77;
8;
147;
97;
114;
129;
126;
7;
12;
1;
161;
19;
108;
88;
85;
147;
99;
92;
95;
184;
14;
41;
148;
76;
84;
134;
167;
74;
99;
70;
179;
157;
186;
72;
26;
79;
93;
49;
183;
165;
81;
79;
174;
41;
165;
145;
2;
153;
95;
39;
157;
150;
8;
117;
6;
1;
130;
66;
51;
95;
81;
200;
21;
155;
161;
24;
169;
130;
115;
130;
3;
177;
53;
1;
187;
124;
4;
188;
150;
46;
127;
37;
142;
55;
121;
79;
192;
23;
116;
65;
76;
12;
90;
41;
6;
13;
46;
96;
7;
187;
177;
148;
129;
151;
122;
149;
45;
40;
127;
45;
66;
77;
176;
104;
16;
146;
179;
53;
33;
74;
163;
148;
66;
25;
164;
184;
71;
173;
148;
16;
173;
102;
104;
128;
165;
107;
57;
66;
54;
143;
150;
143;
144;
13;
121;
96;
47;
10;
151;
76;
25;
137;
64;
6;
102;
69;
188;
151;
112;
104;
118;
156;
23;
106;
175;
137;
35;
51;
200;
184;
100;
61;
54;
59;
44;
199;
196;
80;
118;
122;
108;
123;
109;
179;
128;
125;
129;
43;
190;
143;
26;
124;
160;
28;
100;
98;
83;
52;
82;
56;
102;
125;
130;
152;
195;
182;
110;
186;
181;
71;
149;
128;
128;
32;
87;
85;
59;
98;
188;
119;
67;
194;
188;
108;
12;
113;
82;
112;
54;
19;
199;
117;
200;
144;
135;
26;
148;
56;
61;
159;
192;
5;
127;
185;
4;
48;
48;
108;
97;
36;
91;
109;
195;
184;
9;
16;
184;
141;
41;
51;
155;
54;
181;
136;
78;
56;
24;
26;
168;
13;
199;
100;
69;
101;
66;
187;
153;
17;
22;
47;
42;
9;
66;
128;
133;
91;
39;
168;
96;
178;
154;
29;
75;
184;
6;
75;
68;
170;
112;
172;
99;
25;
175;
62;
135;
126;
185;
2;
89;
37;
41;
77;
114;
42;
64;
175;
161;
124;
171;
20;
1;
180;
158;
64;
146;
168;
151;
156;
30;
42;
85;
106;
142;
182;
195;
128;
48;
195;
101;
147;
90;
69;
40;
199;
103;
137;
159;
49;
172;
190;
76;
191;
107;
12;
25;
75;
72;
22;
182;
64;
100;
150;
64;
28;
37;
96;
180;
53;
173;
199;
119;
199;
124;
144;
41;
89;
153;
98;
141;
44;
64;
74;
189;
168;
156;
148;
42;
56;
72;
8;
88;
81;
59;
162;
53;
129;
61;
56;
73;
15;
158;
79;
172;
37;
31;
158;
172;
191;
167;
192;
171;
118;
62;
144;
172;
49;
150;
194;
13;
96;
78;
176;
3;
122;
168;
162;
46;
23;
153;
61;
26;
152;
163;
109;
144;
90;
171;
82;
5;
112;
22;
111;
4;
184;
100;
83;
65;
46;
12;
193;
190;
125;
36;
172;
81;
110;
57;
45;
199;
18;
10;
53;
162;
146;
151;
4;
146;
36;
99;
174;
195;
39;
37;
127;
31;
25;
10;
185;
128;
62;
98;
154;
128;
26;
124;
154;
125;
24;
2;
120;
188;
95;
159;
195;
195;
101;
112;
92;
111;
101;
186;
74;
41;
52;
158;
48;
158;
133;
93;
57;
12;
144;
156;
7;
189;
191;
52;
127;
186;
109;
67;
107;
51;
117;
113;
121;
114;
172;
7;
192;
43;
50;
87;
132;
97;
63;
158;
2;
59;
178;
10;
7;
44;
143;
192;
85;
193;
65;
163;
91;
101;
69;
3;
8;
133;
69;
149;
184;
105;
22;
71;
38;
67;
92;
38;
154;
8;
88;
126;
73;
124;
38;
186;
172;
86;
188;
118;
97;
198;
186;
142;
2;
43;
126;
199;
75;
13;
88;
135;
192;
17;
15;
180;
44;
164;
43;
71;
3;
182;
122;
131;
97;
118;
35;
12;
178;
171;
94;
78;
100;
126;
53;
48;
85;
134;
139;
69;
23;
14;
2;
109;
40;
97;
135;
169;
120;
24;
193;
189;
103;
111;
99;
115;
144;
6;
197;
91;
161;
122;
152;
136;
42;
129;
143;
82;
138;
46;
168;
195;
28;
99;
153;
194;
12;
113;
26;
89;
99;
139;
115;
148;
113;
188;
181;
122;
30;
145;
195;
160;
58;
171;
64;
57;
163;
85;
109;
83;
92;
158;
147;
135;
154;
56;
170;
71;
69;
6;
94;
188;
91;
56;
124;
2;
170;
143;
53;
62;
31;
44;
3;
179;
5;
160;
178;
87;
127;
189;
6;
129;
8;
166;
169;
81;
178;
82;
92;
39;
181;
57;
68;
38;
130;
136;
160;
44;
71;
139;
42;
95;
191;
143;
59;
43;
181;
165;
103;
85;
137;
167;
24;
122;
12;
60;
106;
197;
100;
75;
54;
45;
170;
147;
59;
144;
188;
99;
124;
142;
186;
177;
55;
114;
25;
2;
79;
40;
63;
75;
89;
17;
3;
51;
58;
71;
93;
169;
165;
182;
137;
184;
121;
57;
116;
20;
89;
168;
18;
159;
59;
154;
186;
100;
67;
65;
115;
142;
30;
78;
55;
179;
111;
138;
53;
149;
117;
28;
133;
163;
111;
100;
143;
160;
19;
174;
37;
92;
50;
33;
106;
124;
190;
44;
18;
104;
163;
160;
1;
135;
26;
89;
86;
181;
51;
112;
152;
91;
112;
45;
200;
129;
87;
126;
19;
86;
189;
187;
98;
169;
14;
113;
155;
43;
169;
127;
82;
105;
21;
121;
7;
24;
61;
92;
152;
167;
47;
2;
183;
17;
64;
65;
158;
123;
10;
162;
178;
35;
135;
192;
52;
59;
165;
15;
106;
198;
96;
157;
70;
103;
145;
180;
196;
43;
147;
72;
152;
159;
59;
180;
179;
140;
199;
146;
48;
22;
103;
137;
85;
41;
12;
107;
25;
189;
117;
27;
95;
5;
67;
38;
44;
36;
121;
78;
28;
46;
53;
165;
155;
93;
137;
118;
8;
79;
109;
178;
166;
127;
135;
170;
87;
195;
104;
141;
111;
14;
150;
129;
7;
141;
151;
48;
70;
5;
78;
190;
65;
65;
58;
39;
127;
34;
98;
102;
159;
24;
140;
195;
70;
95;
104;
155;
28;
193;
194;
14;
198;
93;
49;
166;
81;
31;
38;
104;
129;
162;
18;
12;
45;
80;
146;
27;
114;
95;
85;
175;
112;
190;
171;
165;
149;
138;
14;
170;
186;
22;
77;
181;
53;
80;
58;
192;
97;
166;
113;
135;
43;
40;
126;
86;
9;
59;
147;
3;
81;
20;
147;
46;
179;
146;
70;
153;
57;
154;
180;
55;
54;
47;
195;
163;
55;
189;
102;
165;
72;
149;
45;
146;
4;
41;
59;
27;
11;
198;
158;
76;
157;
27;
174;
129;
193;
5;
156;
44;
7;
35;
157;
72;
160;
14;
114;
190;
74;
52;
88;
135;
18;
8;
60;
121;
0;
9;
166;
166;
189;
77;
141;
199;
137;
137;
61;
195;
124;
105;
77;
55;
198;
175;
177;
16;
61;
179;
107;
19;
31;
163;
194;
37;
193;
191;
92;
192;
79;
66;
152;
7;
46;
156;
53;
30;
50;
63;
96;
95;
13;
7;
8;
137;
59;
99;
120;
17;
195;
87;
172;
123;
20;
71;
87;
194;
114;
83;
142;
99;
104;
122;
177;
156;
191;
12;
6;
173;
92;
55;
200;
199;
62;
156;
54;
81;
41;
141;
112;
55;
76;
189;
43;
137;
94;
15;
90;
165;
90;
146;
90;
178;
60;
136;
148;
180;
174;
128;
1;
18;
49;
8;
53;
131;
197;
38;
189;
99;
141;
5;
28;
20;
101;
13;
194;
185;
42;
141;
134;
11;
39;
69;
134;
149;
34;
12;
8;
109;
101;
41;
156;
77;
178;
95;
40;
30;
190;
51;
190;
55;
81;
174;
111;
136;
94;
80;
175;
167;
103;
165;
32;
106;
157;
169;
176;
144;
162;
157;
6;
45;
51;
7;
73;
51;
151;
188;
70;
17;
191;
20;
31;
42;
35;
98;
75;
55;
194;
198;
139;
136;
86;
21;
9;
112;
35;
198;
61;
15;
101;
138;
189;
82;
169;
200;
92;
72;
18;
167;
57;
171;
136;
71;
185;
164;
49;
107;
147;
60;
53;
69;
0;
152;
146;
78;
109;
151;
195;
28;
23;
11;
102;
183;
151;
184;
159;
31;
97;
46;
195;
71;
169;
163;
113;
150;
6;
13;
2;
142;
189;
92;
182;
168;
190;
80;
97;
124;
63;
9;
102;
50;
199;
93;
29;
156;
162;
115;
165;
9;
87;
62;
25;
18;
11;
52;
153;
166;
150;
191;
55;
38;
111;
110;
75;
22;
190;
81;
141;
59;
183;
113;
53;
168;
161;
69;
78;
53;
174;
35;
84;
189;
128;
45;
190;
191;
83;
59;
94;
82;
130;
13;
58;
12;
127;
95;
93;
39;
114;
51;
77;
46;
113;
165;
132;
56;
36;
192;
32;
190;
75;
2;
195;
45;
1;
7;
124;
147;
163;
169;
107;
56;
54;
175;
57;
190;
31;
151;
129;
168;
75;
196;
32;
169;
97;
29;
152;
122;
84;
66;
193;
66;
155;
179;
31;
82;
187;
34;
119;
41;
79;
98;
86;
197;
55;
13;
125;
46;
52;
169;
102;
26;
89;
40;
174;
67;
54;
89;
36;
43;
124;
29;
62;
98;
148;
179;
19;
154;
197;
122;
43;
124;
159;
30;
169;
190;
151;
103;
135;
29;
161;
39;
187;
146;
86;
128;
185;
183;
149;
2;
143;
151;
35;
128;
17;
100;
53;
3;
33;
193;
200;
69;
128;
177;
182;
72;
17;
168;
178;
147;
26;
29;
194;
35;
197;
11;
32;
135;
33;
89;
74;
22;
122;
53;
167;
95;
23;
179;
31;
186;
89;
114;
78;
42;
125;
157;
76;
67;
162;
137;
119;
32;
95;
111;
68;
23;
120;
140;
65;
177;
69;
66;
132;
191;
102;
136;
75;
92;
22;
29;
61;
87;
72;
48;
52;
110;
187;
35;
77;
193;
157;
190;
188;
108;
118;
115;
39;
95;
150;
177;
114;
166;
64;
159;
74;
79;
68;
171;
129;
37;
142;
26;
25;
105;
198;
149;
157;
119;
75;
69;
160;
96;
54;
124;
69;
51;
74;
21;
178;
57;
80;
25;
6;
38;
33;
148;
120;
59;
145;
24;
99;
137;
3;
81;
32;
18;
135;
84;
85;
5;
61;
135;
40;
60;
40;
125;
6;
176;
109;
87;
54;
15;
2;
80;
96;
143;
30;
112;
144;
94;
113;
83;
101;
20;
119;
159;
64;
136;
86;
84;
95;
34;
182;
74;
118;
146;
31;
148;
51;
7;
110;
69;
9;
121;
86;
19;
54;
140;
63;
159;
107;
87;
11;
73;
110;
183;
38;
117;
10;
194;
35;
62;
80;
11;
85;
134;
66;
25;
45;
44;
37;
58;
126;
83;
42;
50;
98;
148;
162;
80;
194;
156;
63;
136;
164;
58;
53;
161;
150;
93;
164;
175;
109;
82;
151;
74;
58;
157;
41;
143;
34;
112;
101;
180;
88;
39;
171;
173;
45;
69;
140;
147;
29;
162;
27;
147;
116;
197;
65;
199;
58;
162;
37;
186;
84;
16;
176;
182;
137;
22;
23;
144;
106;
151;
33;
87;
31;
9;
18;
112;
12;
47;
75;
83;
145;
81;
160;
19;
118;
19;
151;
88;
53;
25;
9;
92;
167;
149;
92;
161;
176;
65;
4;
153;
103;
126;
107;
19;
171;
157;
132;
30;
143;
3;
197;
6;
159;
162;
179;
161;
71;
109;
10;
120;
24;
190;
129;
13;
106;
133;
110;
43;
96;
2;
99;
103;
107;
171;
14;
9;
150;
152;
4;
128;
45;
61;
157;
173;
106;
36;
23;
96;
95;
101;
102;
162;
168;
159;
57;
188;
129;
125;
107;
30;
93;
130;
20;
44;
98;
49;
151;
33;
54;
157;
38;
91;
125;
200;
138;
121;
115;
113;
45;
108;
151;
113;
155;
112;
85;
192;
70;
6;
49;
124;
82;
112;
123;
85;
143;
49;
93;
138;
81;
18;
91;
47;
57;
153;
146;
16;
17;
63;
11;
198;
130;
149;
120;
140;
53;
103;
119;
162;
140;
114;
183;
193;
71;
177;
180;
43;
137;
20;
2;
37;
58;
161;
35;
173;
156;
182;
52;
129;
140;
88;
23;
113;
138;
81;
149;
117;
29;
7;
159;
49;
78;
80;
142;
127;
124;
65;
135;
98;
156;
44;
179;
170;
8;
143;
49;
27;
47;
178;
98;
65;
169;
69;
150;
50;
33;
9;
45;
112;
193;
151;
197;
67;
156;
42;
14;
71;
111;
67;
168;
129;
9;
50;
57;
72;
58;
165;
6;
140;
44;
50;
47;
41;
115;
47;
36;
45;
126;
123;
106;
68;
156;
54;
18;
125;
185;
53;
166;
73;
98;
112;
72;
131;
30;
163;
44;
168;
130;
198;
13;
107;
79;
1;
133;
18;
36;
80;
59;
151;
40;
139;
101;
87;
91;
164;
145;
23;
21;
107;
92;
89;
6;
11;
8;
45;
30;
77;
63;
190;
32;
87;
98;
86;
70;
183;
123;
119;
173;
23;
170;
149;
61;
172;
174;
63;
92;
30;
5;
43;
42;
2;
131;
109;
129;
98;
143;
29;
173;
132;
54;
161;
9;
170;
2;
149;
167;
160;
65;
157;
114;
111;
54;
125;
142;
109;
191;
110;
149;
71;
31;
197;
34;
159;
127;
95;
170;
49;
133;
98;
3;
119;
120;
196;
41;
162;
75;
90;
181;
10;
44;
29;
140;
144;
15;
154;
178;
0;
66;
39;
189;
119;
8;
21;
162;
87;
194;
106;
182;
120;
121;
65;
173;
68;
55;
88;
176;
3;
74;
32;
145;
73;
38;
159;
76;
134;
1;
3;
129;
128;
61;
129;
52;
93;
48;
167;
175;
28;
8;
190;
142;
187;
156;
196;
172;
10;
91;
16;
130;
197;
137;
81;
56;
187;
42;
192;
179;
192;
121;
130;
44;
185;
192;
127;
5;
143;
150;
27;
177;
106;
131;
28;
42;
90;
141;
172;
124;
172;
126;
7;
150;
21;
32;
56;
96;
45;
49;
68;
18;
144;
6;
196;
124;
123;
49;
152;
25;
139;
31;
90;
160;
190;
159;
183;
36;
58;
130;
42;
15;
87;
71;
56;
16;
124;
167;
149;
80;
174;
24;
191;
138;
130;
178;
154;
148;
196;
41;
64;
110;
54;
128;
101;
177;
186;
18;
43;
59;
141;
112;
55;
60;
178;
194;
41;
113;
32;
165;
21;
32;
159;
61;
96;
196;
177;
14;
7;
189;
159;
182;
177;
189;
96;
47;
57;
149;
172;
76;
3;
69;
63;
157;
145;
148;
5;
129;
28;
173;
98;
53;
71;
16;
33;
48;
132;
22;
73;
98;
42;
107;
164;
121;
39;
129;
196;
1;
95;
23;
102;
94;
107;
179;
56;
126;
83;
115;
192;
42;
20;
29;
1;
165;
27;
177;
49;
55;
31;
136;
155;
123;
148;
69;
13;
79;
113;
181;
113;
25;
66;
24;
3;
59;
149;
62;
173;
43;
80;
62;
17;
30;
157;
195;
28;
104;
137;
35;
123;
145;
44;
172;
92;
133;
173;
67;
37;
100;
79;
90;
79;
61;
111;
14;
93;
42;
133;
115;
64;
8;
20;
57;
103;
178;
154;
141;
96;
38;
182;
24;
116;
146;
18;
157;
79;
130;
46;
9;
33;
76;
192;
47;
172;
162;
108;
87;
186;
177;
128;
20;
97;
139;
166;
123;
79;
196;
5;
172;
71;
65;
52;
56;
80;
62;
107;
27;
190;
125;
42;
8;
98;
199;
180;
122;
6;
10;
116;
140;
173;
145;
165;
52;
132;
48;
11;
57;
35;
179;
99;
140;
67;
36;
19;
174;
152;
163;
64;
136;
148;
186;
58;
11;
187;
33;
200;
44;
2;
166;
183;
81;
6;
161;
184;
137;
9;
15;
85;
32;
134;
165;
45;
119;
69;
82;
15;
111;
171;
99;
88;
167;
62;
10;
178;
57;
168;
187;
151;
60;
39;
93;
41;
38;
104;
145;
40;
138;
4;
106;
70;
82;
19;
71;
161;
106;
36;
132;
37;
94;
145;
135;
134;
4;
196;
136;
103;
25;
65;
105;
198;
162;
58;
122;
197;
195;
62;
120;
113;
136;
26;
3;
80;
95;
177;
77;
184;
57;
184;
150;
101;
24;
140;
171;
157;
29;
37;
46;
88;
55;
23;
38;
68;
3;
32;
186;
151;
95;
182;
100;
74;
196;
89;
54;
177;
62;
150;
154;
30;
88;
151;
170;
7;
67;
137;
23;
57;
122;
184;
191;
195;
156;
87;
119;
51;
172;
119;
44;
145;
167;
119;
155;
189;
43;
147;
177;
161;
50;
130;
24;
41;
108;
119;
147;
170;
47;
124;
56;
36;
122;
68;
121;
200;
31;
102;
43;
131;
179;
12;
115;
1;
93;
76;
191;
136;
56;
163;
125;
25;
159;
125;
35;
153;
80;
63;
95;
8;
190;
11;
90;
84;
24;
72;
19;
151;
174;
92;
73;
172;
96;
88;
120;
109;
155;
140;
152;
163;
20;
81;
84;
178;
142;
116;
111;
69;
29;
26;
4;
105;
121;
93;
153;
120;
141;
61;
195;
84;
77;
183;
198;
87;
58;
49;
193;
197;
183;
124;
104;
75;
140;
140;
84;
19;
46;
188;
36;
186;
153;
48;
178;
122;
14;
75;
159;
63;
33;
5;
163;
171;
85;
106;
98;
168;
126;
138;
6;
125;
56;
154;
157;
144;
2;
70;
128;
42;
147;
161;
24;
70;
155;
70;
132;
80;
34;
4;
62;
52;
160;
24;
72;
118;
163;
60;
114;
2;
157;
179;
11;
3;
117;
157;
187;
175;
177;
131;
113;
131;
8;
162;
144;
117;
182;
30;
187;
18;
132;
177;
146;
89;
36;
127;
60;
175;
190;
97;
129;
147;
29;
36;
10;
99;
94;
179;
30;
31;
42;
13;
78;
11;
126;
52;
127;
164;
165;
29;
98;
121;
104;
85;
99;
23;
177;
180;
135;
161;
2;
71;
89;
38;
1;
168;
132;
192;
69;
22;
38;
92;
89;
11;
12;
189;
189;
118;
29;
179;
148;
141;
8;
48;
193;
84;
73;
15;
61;
103;
121;
161;
137;
98;
180;
102;
80;
151;
30;
164;
40;
89;
154;
87;
85;
149;
41;
20;
97;
69;
110;
156;
106;
123;
55;
75;
136;
175;
103;
138;
97;
117;
108;
85;
124;
85;
140;
76;
26;
14;
146;
151;
37;
17;
17;
82;
180;
48;
46;
100;
53;
33;
31;
93;
171;
42;
167;
110;
95;
41;
133;
151;
3;
106;
175;
176;
13;
182;
168;
46;
178;
95;
21;
110;
48;
63;
173;
2;
54;
125;
118;
107;
168;
12;
135;
101;
5;
193;
138;
193;
45;
20;
47;
126;
21;
8;
153;
114;
153;
82;
126;
136;
35;
88;
24;
21;
160;
71;
112;
83;
159;
163;
184;
81;
145;
124;
30;
89;
58;
110;
90;
180;
64;
161;
197;
82;
106;
99;
3;
171;
56;
161;
133;
10;
53;
73;
59;
42;
148;
1;
123;
6;
156;
91;
4;
192;
178;
128;
37;
141;
120;
7;
70;
30;
51;
9;
159;
37;
126;
143;
189;
167;
59;
97;
3;
165;
127;
95;
154;
113;
129;
19;
185;
5;
69;
19;
32;
32;
23;
60;
196;
105;
23;
148;
107;
190;
123;
71;
162;
56;
121;
169;
173;
110;
6;
113;
54;
44;
15;
199;
27;
2;
138;
75;
84;
138;
84;
179;
105;
93;
136;
176;
45;
121;
104;
193;
155;
169;
60;
36;
161;
117;
55;
66;
140;
190;
38;
1;
168;
142;
177;
110;
173;
110;
74;
14;
180;
197;
97;
173;
51;
166;
168;
101;
31;
143;
137;
125;
55;
193;
58;
43;
123;
37;
148;
97;
63;
100;
3;
86;
23;
114;
35;
55;
101;
120;
137;
109;
21;
65;
43;
31;
40;
158;
25;
73;
128;
155;
36;
153;
21;
42;
155;
51;
126;
133;
27;
89;
110;
2;
97;
181;
129;
50;
38;
180;
59;
160;
78;
142;
34;
44;
124;
79;
62;
105;
83;
8;
129;
51;
43;
123;
104;
54;
36;
135;
85;
66;
81;
45;
20;
98;
109;
13;
56;
148;
63;
83;
64;
79;
75;
86;
198;
160;
27;
55;
141;
62;
124;
64;
96;
32;
20;
163;
62;
10;
45;
136;
37;
188;
41;
133;
151;
112;
69;
7;
69;
174;
50;
92;
135;
193;
46;
41;
160;
133;
82;
45;
167;
130;
118;
89;
35;
106;
33;
26;
129;
176;
43;
195;
186;
16;
30;
163;
135;
93;
103;
17;
107;
120;
82;
152;
79;
103;
158;
97;
199;
148;
64;
25;
123;
111;
71;
144;
140;
44;
127;
43;
109;
154;
126;
126;
186;
55;
198;
176;
62;
45;
118;
94;
49;
75;
123;
181;
36;
123;
29;
2;
82;
95;
124;
107;
102;
23;
136;
170;
141;
136;
37;
117;
68;
194;
161;
136;
27;
130;
33;
170;
95;
172;
178;
80;
51;
83;
76;
95;
37;
166;
10;
165;
178;
145;
171;
199;
189;
11;
79;
140;
33;
23;
118;
119;
70;
28;
8;
77;
149;
56;
169;
67;
28;
194;
183;
114;
137;
5;
92;
102;
177;
141;
48;
176;
122;
146;
127;
80;
28;
44;
54;
41;
50;
103;
101;
12;
118;
60;
180;
96;
51;
98;
179;
156;
166;
78;
53;
2;
186;
81;
71;
105;
186;
41;
113;
159;
18;
15;
87;
20;
163;
78;
67;
12;
16;
171;
90;
132;
116;
164;
92;
24;
79;
8;
90;
175;
129;
137;
124;
169;
196;
55;
176;
178;
74;
101;
110;
6;
57;
12;
64;
200;
144;
178;
48;
61;
21;
58;
76;
11;
91;
86;
95;
55;
198;
30;
166;
196;
163;
54;
104;
139;
155;
118;
197;
1;
153;
79;
112;
58;
174;
141;
66;
94;
106;
99;
172;
50;
128;
21;
110;
184;
132;
29;
30;
160;
135;
155;
4;
145;
186;
170;
184;
100;
57;
77;
191;
14;
18;
105;
103;
31;
29;
15;
120;
157;
86;
71;
152;
53;
170;
176;
10;
149;
98;
159;
27;
137;
145;
48;
121;
155;
196;
147;
157;
173;
4;
4;
133;
38;
98;
129;
186;
91;
86;
187;
100;
108;
107;
81;
58;
24;
105;
142;
38;
51;
12;
33;
143;
136;
33;
22;
105;
86;
42;
82;
59;
131;
162;
191;
162;
171;
51;
56;
130;
189;
56;
90;
130;
80;
141;
53;
37;
181;
140;
78;
130;
41;
145;
190;
116;
189;
196;
34;
77;
72;
58;
60;
61;
154;
60;
195;
26;
93;
106;
89;
157;
188;
154;
177;
2;
129;
105;
87;
57;
89;
153;
33;
74;
192;
91;
128;
19;
194;
22;
70;
23;
86;
67;
8;
137;
196;
41;
171;
184;
79;
34;
189;
129;
146;
73;
165;
124;
131;
85;
136;
77;
37;
45;
180;
196;
88;
10;
32;
17;
175;
43;
113;
14;
0;
94;
160;
70;
178;
120;
26;
180;
85;
194;
35;
58;
28;
57;
6;
147;
100;
135;
19;
34;
165;
156;
182;
3;
81;
159;
9;
127;
123;
49;
70;
177;
92;
10;
161;
100;
136;
111;
33;
72;
104;
31;
144;
36;
55;
115;
192;
95;
66;
80;
101;
154;
128;
182;
16;
164;
63;
159;
147;
111;
163;
67;
190;
194;
105;
56;
74;
161;
139;
17;
38;
167;
99;
79;
28;
90;
51;
149;
115;
192;
90;
63;
123;
103;
126;
35;
196;
110;
111;
148;
153;
10;
82;
48;
180;
42;
8;
139;
131;
67;
4;
177;
197;
44;
175;
156;
40;
71;
23;
99;
102;
6;
172;
171;
191;
39;
82;
37;
14;
165;
38;
102;
118;
105;
184;
36;
45;
133;
36;
156;
159;
20;
16;
105;
135;
173;
10;
70;
197;
103;
135;
122;
78;
127;
73;
61;
84;
156;
65;
167;
176;
76;
8;
156;
4;
176;
5;
150;
85;
152;
46;
138;
162;
163;
169;
162;
47;
161;
54;
87;
194;
128;
164;
129;
136;
161;
182;
180;
100;
98;
19;
96;
14;
124;
51;
99;
148;
167;
68;
170;
164;
12;
124;
117;
21;
54;
139;
91;
118;
162;
33;
184;
79;
166;
141;
38;
96;
117;
157;
199;
37;
154;
125;
191;
12;
81;
84;
70;
67;
174;
74;
76;
44;
170;
72;
27;
48;
15;
55;
11;
198;
15;
53;
178;
70;
143;
14;
136;
38;
84;
105;
24;
90;
174;
189;
31;
101;
175;
108;
67;
123;
27;
45;
118;
153;
170;
67;
0;
77;
22;
19;
191;
45;
37;
175;
88;
132;
75;
168;
63;
187;
191;
112;
96;
171;
27;
184;
185;
66;
62;
9;
168;
198;
6;
196;
164;
170;
192;
121;
195;
186;
43;
150;
101;
85;
179;
4;
142;
182;
152;
85;
182;
118;
176;
143;
27;
173;
137;
3;
186;
198;
96;
61;
75;
121;
128;
130;
96;
169;
60;
55;
3;
154;
27;
66;
181;
132;
56;
25;
105;
35;
77;
106;
99;
170;
175;
29;
42;
67;
34;
84;
187;
23;
161;
177;
120;
120;
145;
111;
120;
59;
131;
42;
31;
37;
111;
129;
188;
78;
130;
104;
88;
168;
7;
20;
191;
73;
164;
163;
98;
68;
168;
147;
47;
104;
92;
1;
132;
102;
7;
105;
44;
56;
143;
99;
90;
72;
189;
81;
34;
120;
59;
126;
87;
168;
78;
177;
96;
38;
158;
176;
175;
63;
51;
68;
88;
88;
195;
51;
27;
11;
194;
167;
70;
8;
41;
120;
115;
148;
177;
63;
168;
183;
123;
19;
20;
166;
73;
97;
119;
32;
161;
73;
7;
79;
145;
181;
140;
27;
42;
135;
103;
91;
84;
178;
187;
101;
166;
119;
29;
198;
52;
108;
13;
96;
134;
174;
53;
139;
48;
108;
41;
114;
84;
108;
79;
108;
89;
93;
101;
151;
166;
147;
108;
123;
137;
167;
34;
5;
48;
172;
96;
125;
32;
83;
153;
68;
147;
95;
98;
25;
151;
71;
129;
177;
133;
181;
20;
177;
20;
40;
125;
177;
45;
160;
118;
136;
4;
35;
195;
97;
83;
147;
14;
4;
45;
61;
117;
10;
184;
42;
38;
163;
7;
66;
64;
166;
3;
1;
39;
130;
168;
186;
58;
63;
65;
167;
90;
32;
182;
25;
9;
144;
167;
178;
167;
132;
144;
38;
199;
48;
171;
109;
121;
170;
167;
143;
174;
166;
129;
105;
61;
39;
175;
139;
181;
39;
187;
194;
65;
31;
87;
70;
105;
148;
38;
108;
38;
126;
110;
80;
154;
139;
132;
138;
109;
52;
99;
51;
3;
120;
104;
159;
194;
171;
43;
107;
18;
65;
147;
159;
94;
121;
177;
179;
66;
77;
46;
131;
96;
119;
177;
12;
35;
127;
172;
103;
32;
50;
30;
16;
2;
119;
140;
101;
94;
39;
13;
188;
18;
85;
32;
102;
110;
71;
145;
20;
29;
7;
38;
86;
89;
178;
175;
71;
112;
10;
53;
182;
198;
18;
56;
144;
101;
132;
39;
184;
125;
81;
78;
28;
156;
96;
24;
2;
88;
44;
122;
80;
3;
52;
61;
72;
28;
158;
191;
92;
1;
66;
112;
181;
49;
146;
25;
171;
168;
36;
9;
66;
22;
174;
111;
135;
197;
95;
61;
99;
130;
39;
4;
80;
0;
10;
62;
72;
56;
95;
128;
76;
160;
162;
27;
32;
58;
19;
157;
111;
36;
7;
48;
18;
18;
110;
91;
48;
143;
30;
158;
140;
44;
52;
9;
151;
13;
56;
61;
117;
83;
75;
35;
111;
21;
107;
173;
21;
165;
159;
146;
13;
44;
139;
75;
189;
184;
98;
179;
129;
17;
94;
60;
66;
64;
61;
93;
128;
63;
93;
46;
135;
131;
161;
51;
142;
122;
113;
172;
67;
60;
108;
73;
34;
158;
58;
165;
143;
6;
137;
113;
53;
131;
110;
140;
169;
62;
77;
113;
53;
170;
68;
64;
137;
136;
22;
167;
129;
50;
92;
170;
153;
150;
67;
126;
101;
114;
25;
11;
175;
154;
164;
75;
163;
21;
180;
135;
30;
83;
70;
108;
74;
127;
7;
171;
75;
81;
48;
128;
198;
32;
96;
9;
139;
153;
156;
186;
112;
32;
45;
142;
97;
18;
72;
186;
64;
106;
16;
156;
175;
35;
25;
82;
1;
105;
50;
32;
107;
103;
21;
78;
130;
51;
142;
64;
186;
198;
183;
34;
30;
126;
180;
87;
183;
179;
100;
196;
180;
105;
19;
92;
154;
36;
108;
101;
169;
18;
81;
177;
171;
18;
17;
78;
121;
199;
185;
31;
34;
122;
128;
126;
70;
11;
71;
115;
90;
30;
52;
169;
152;
124;
125;
160;
144;
91;
74;
147;
180;
197;
4;
61;
50;
96;
20;
21;
34;
26;
118;
18;
52;
19;
57;
12;
60;
179;
146;
149;
92;
66;
84;
185;
61;
140;
78;
16;
40;
163;
185;
133;
108;
32;
177;
81;
163;
93;
120;
55;
112;
13;
133;
179;
159;
133;
91;
147;
3;
198;
197;
58;
174;
150;
35;
99;
105;
12;
170;
169;
79;
197;
139;
124;
170;
129;
14;
138;
114;
144;
41;
46;
199;
99;
143;
1;
96;
62;
135;
24;
60;
80;
112;
41;
79;
32;
2;
24;
185;
196;
169;
126;
183;
106;
162;
11;
103;
52;
158;
79;
154;
81;
145;
181;
104;
117;
76;
19;
105;
124;
85;
169;
159;
177;
104;
106;
90;
101;
182;
59;
185;
167;
138;
135;
103;
100;
58;
87;
56;
142;
47;
46;
29;
10;
52;
96;
8;
174;
181;
10;
46;
161;
16;
130;
11;
33;
91;
157;
162;
67;
171;
197;
10;
172;
91;
43;
187;
130;
35;
45;
188;
34;
61;
62;
196;
88;
91;
160;
188;
179;
200;
121;
127;
172;
63;
130;
192;
21;
119;
179;
166;
169;
69;
34;
101;
90;
187;
123;
34;
16;
61;
194;
23;
29;
124;
15;
159;
101;
28;
196;
30;
170;
76;
32;
43;
33;
46;
37;
68;
81;
130;
187;
175;
185;
144;
124;
191;
80;
38;
28;
104;
140;
137;
105;
85;
23;
132;
52;
120;
157;
196;
55;
155;
155;
10;
144;
106;
66;
140;
125;
29;
77;
122;
200;
83;
161;
146;
79;
84;
119;
10;
31;
72;
23;
121;
192;
86;
140;
160;
13;
176;
82;
89;
93;
101;
27;
124;
51;
185;
181;
159;
80;
28;
191;
175;
112;
166;
26;
113;
50;
167;
181;
112;
21;
32;
47;
182;
58;
131;
146;
10;
33;
101;
170;
31;
16;
100;
109;
74;
10;
96;
137;
51;
101;
157;
6;
168;
159;
52;
154;
58;
110;
92;
172;
191;
43;
40;
51;
124;
177;
7;
99;
94;
137;
85;
60;
127;
132;
53;
37;
67;
16;
151;
63;
90;
143;
18;
31;
61;
152;
168;
101;
154;
41;
191;
158;
199;
88;
83;
146;
145;
10;
117;
169;
69;
166;
199;
79;
89;
129;
58;
53;
181;
189;
154;
82;
34;
11;
153;
21;
154;
2;
193;
111;
124;
133;
179;
196;
138;
83;
175;
89;
164;
28;
34;
156;
89;
176;
60;
75;
113;
180;
172;
4;
198;
190;
167;
184;
93;
97;
74;
18;
43;
78;
118;
134;
91;
94;
173;
152;
138;
53;
61;
32;
120;
151;
37;
34;
44;
119;
188;
33;
17;
98;
168;
48;
81;
103;
44;
91;
140;
88;
178;
91;
151;
56;
120;
108;
110;
28;
159;
68;
132;
46;
143;
120;
172;
82;
108;
73;
36;
36;
147;
88;
168;
116;
85;
46;
103;
160;
97;
142;
134;
152;
112;
189;
40;
86;
131;
86;
83;
101;
26;
89;
100;
49;
67;
165;
183;
165;
57;
97;
152;
174;
60;
52;
20;
179;
34;
172;
162;
173;
152;
72;
142;
182;
23;
80;
136;
188;
106;
26;
72;
21;
83;
109;
80;
87;
112;
165;
56;
79;
145;
10;
139;
47;
108;
134;
121;
68;
17;
77;
126;
175;
43;
15;
165;
39;
25;
1;
75;
145;
40;
166;
152;
101;
78;
40;
124;
85;
88;
49;
145;
164;
31;
5;
109;
38;
126;
50;
24;
51;
181;
50;
135;
113;
161;
105;
55;
142;
27;
65;
91;
12;
85;
78;
66;
137;
164;
1;
142;
163;
125;
18;
153;
148;
65;
155;
141;
113;
178;
141;
97;
2;
41;
66;
121;
177;
110;
36;
41;
115;
145;
9;
173;
194;
141;
16;
20;
18;
32;
175;
16;
177;
57;
124;
152;
131;
84;
47;
90;
160;
13;
115;
178;
102;
142;
174;
139;
172;
186;
180;
156;
150;
67;
131;
125;
156;
161;
29;
10;
164;
3;
91;
7;
44;
0;
78;
159;
18;
152;
2;
140;
49;
44;
15;
118;
57;
30;
151;
129;
115;
3;
27;
179;
134;
153;
102;
177;
93;
159;
5;
109;
70;
60;
39;
62;
92;
51;
107;
50;
8;
128;
107;
165;
82;
65;
16;
115;
121;
162;
97;
55;
56;
20;
93;
49;
127;
25;
111;
110;
112;
37;
102;
103;
18;
106;
182;
114;
111;
178;
125;
31;
40;
33;
135;
117;
117;
31;
176;
133;
133;
82;
76;
102;
142;
129;
52;
35;
34;
115;
155;
102;
55;
93;
137;
198;
10;
190;
88;
33;
30;
48;
140;
130;
141;
179;
13;
57;
54;
93;
56;
193;
178;
42;
188;
154;
29;
29;
119;
4;
178;
9;
181;
141;
165;
171;
6;
38;
99;
70;
57;
90;
185;
48;
47;
141;
154;
165;
99;
22;
86;
95;
30;
182;
27;
75;
139;
169;
48;
10;
48;
81;
157;
6;
121;
65;
93;
165;
173;
94;
62;
52;
76;
39;
128;
110;
4;
6;
43;
72;
118;
8;
137;
144;
11;
41;
181;
160;
120;
130;
97;
24;
163;
186;
113;
130;
134;
43;
183;
139;
75;
118;
27;
199;
180;
49;
140;
8;
179;
176;
53;
77;
168;
139;
120;
133;
198;
61;
199;
108;
47;
54;
136;
121;
121;
193;
133;
194;
32;
32;
163;
80;
51;
50;
19;
3;
133;
11;
124;
60;
27;
103;
153;
1;
